videoid,page_dir,name
prompt_47_seed_0,prompt_47_seed_0.gif,Sick man in bed measuring temperature feeling fever medium shot
prompt_30_seed_0,prompt_30_seed_0.gif,Concept freedom. man winter hands to the side stands in the snow next to the forest slow motion video. hike tourist in the snow with a backpack winter snow lifestyle
prompt_4_seed_0,prompt_4_seed_0.gif,Asia little girl wash a car with family together slow motion shot
prompt_91_seed_0,prompt_91_seed_0.gif,Happy little girl jumping in swimming pool and learning how to swim with help of father
prompt_75_seed_0,prompt_75_seed_0.gif,Frankfurt am main germany - july 18,  2017: cobalt air airbus 319 5b-dcv before take-off on runway 18 and lufthansa airbus 320 landing at background. fraport,  frankfurt,  germany
prompt_54_seed_0,prompt_54_seed_0.gif,A young man in a black suit is dancing on a white background.
prompt_23_seed_0,prompt_23_seed_0.gif,Confident and happy young caucasian woman using laptop computer and making online webinar with clients. smart and successful freelancer working in workspace at home sitting behind desk
prompt_29_seed_0,prompt_29_seed_0.gif,The newlyweds in love look at the beautiful colorful explosions of fireworks. a young guy and a young girl are watching the festive fireworks.
prompt_11_seed_0,prompt_11_seed_0.gif,Portrait of artist woman singer vocalist in headphones emotionally singing in microphone recording music song in professional sound studio. creating new melody on musical session at recording company.
prompt_66_seed_0,prompt_66_seed_0.gif,Handsome fashionable young man at the seaside along the shore overlooking the ocean or sea with his black leather jacket also saluting the camera
prompt_88_seed_0,prompt_88_seed_0.gif,Hair coloring. dark-haired young woman colouring her hair in a barber shop. hd
prompt_82_seed_0,prompt_82_seed_0.gif,Feeding birds pigeons from hand on spring sunny day. girl feeding birds doves with hands on the home window sill. pov point of view close-up. nature wildlife outdoor
prompt_61_seed_0,prompt_61_seed_0.gif,Young pretty girl tries to chose fashionable trendy look.
prompt_16_seed_0,prompt_16_seed_0.gif,Medium shot of man watching woman shopping for vintage dress / provo utah,  united states
prompt_85_seed_0,prompt_85_seed_0.gif,Rome italy - april 24 2020,  west coast seattle boy,  the jimi hendrix anthology,  posthumous box set by jimi hendrix and live at monterey posthumous live album by jimi hendrix released in october 2007.
prompt_24_seed_0,prompt_24_seed_0.gif,Girl jumping in flood water on street after raining slow motion.
prompt_53_seed_0,prompt_53_seed_0.gif,Attractive business woman reading documents in busy office female executive working on company project deadline
prompt_59_seed_0,prompt_59_seed_0.gif,Portrait of old wounded hetman with mustache in armor and mantle thinks and looks around with sad eyes. slowly in 4k
prompt_78_seed_0,prompt_78_seed_0.gif,Handsome 20s japanese man portrait
prompt_96_seed_0,prompt_96_seed_0.gif,Happy young stylish woman using smartphone texting and laughing during work break in city
prompt_72_seed_0,prompt_72_seed_0.gif,Suleymaniye mosque domes and galata tower timelapse
prompt_3_seed_0,prompt_3_seed_0.gif,Gardener man in blue jumper trim hedge fence with two handle red clippers on blue sky and spring trees background. spring season works in homestead garden. 4k uhd video clip.
prompt_9_seed_0,prompt_9_seed_0.gif,Sad woman crying during storm on the beach. hair fluttering in the wind
prompt_37_seed_0,prompt_37_seed_0.gif,Low section of ice fisherman fishing in tent
prompt_40_seed_0,prompt_40_seed_0.gif,Mosquitoes insects cloud lifestyle concept nature infection viruses . lot of midges in the air . many large cloud of a mosquitoes against colorful sky
prompt_33_seed_0,prompt_33_seed_0.gif,Sexy woman posing sitting on chair
prompt_44_seed_0,prompt_44_seed_0.gif,A man drink cocoa
prompt_39_seed_0,prompt_39_seed_0.gif,Tired worker feel stress at work. overworked businesswoman using laptop in modern office. attractive african woman sitting at the workspace
prompt_98_seed_0,prompt_98_seed_0.gif,Detail shot of a young gypsy styled man hands playing cajon flamenco drumbox having fun rehearsing and creating percussion sounds on a home studio background. rythm and compass concept.
prompt_76_seed_0,prompt_76_seed_0.gif,Young brunette girl with long hair in black clothes with smartphone in her hands turns around,  looks around,  there are many high-rise buildings around her,  sunny weather,  sun's rays fall into camera
prompt_92_seed_0,prompt_92_seed_0.gif,Student boy wash the school board
prompt_7_seed_0,prompt_7_seed_0.gif,Joyful girl in dress dancing inside big rubber ring with passport and eu flag holding fresh juice,  relaxing on tourist tour in europe,  summer vacation,  beach party. indoor studio shot isolated
prompt_20_seed_0,prompt_20_seed_0.gif,Girl celebrate halloween with burning pumpkins have fun,  rejoices. pretty sexual devil woman beckons by hand,  beckoning,  calls,  invites for halloween party,  flirts,  shy
prompt_57_seed_0,prompt_57_seed_0.gif,Happy young businessman thinking while using phone
prompt_18_seed_0,prompt_18_seed_0.gif,A young woman having dental treatment
prompt_81_seed_0,prompt_81_seed_0.gif,A girl fills a syringe for insulin injections. diabetes. the short-acting insulin. insulin injection at home. the needle of the syringe and drops medicament.
prompt_65_seed_0,prompt_65_seed_0.gif,Gorgeous couple in love have a romantic walk in magnificent budapest blurred background at night
prompt_12_seed_0,prompt_12_seed_0.gif,Woman showing disgust for bad smell or taste on yellow background at studio. girl with curly hair in a denim suit with shorts and a red t-shirt. concept of emotions
prompt_86_seed_0,prompt_86_seed_0.gif,October 19 2018. germany helios klinikum krefeld. doctor doctor people walk along the corridor between the stations of the clinic on the floor view through the window.
prompt_68_seed_0,prompt_68_seed_0.gif,Young attractive woman blowing golden confetti from hands. slow motion
prompt_15_seed_0,prompt_15_seed_0.gif,Blue fluorescent ink on a black background dissolves in water. beautiful effect modeled on a computer. 3d render with luma matte for use as an alpha channel for visual effects. many injections 8
prompt_62_seed_0,prompt_62_seed_0.gif,A woman lying on the grass turns over the pages of a book. reading in the park.
prompt_50_seed_0,prompt_50_seed_0.gif,Young man using smartphone scrolls through social media feed on device checking mail,  reading news on app.
prompt_27_seed_0,prompt_27_seed_0.gif,Hands of girl fall out sweets from bowl on white floor
prompt_0_seed_0,prompt_0_seed_0.gif,The girl received flowers as a gift. a gift for my birthday. the guy gave a girl flowers
prompt_71_seed_0,prompt_71_seed_0.gif,Man opens the curtains
prompt_95_seed_0,prompt_95_seed_0.gif,A lonely pensioner sits in the park. the face of a sad woman.
prompt_43_seed_0,prompt_43_seed_0.gif,Beautiful sexy slim woman on white background
prompt_34_seed_0,prompt_34_seed_0.gif,Three young teenage boys in a band made up of a drummer a piano player,  and a guitar player.
prompt_49_seed_0,prompt_49_seed_0.gif,Abused woman lying in the bathtub screams in despair
prompt_73_seed_0,prompt_73_seed_0.gif,Sexy red-haired girl enjoys the sea. slow motion. 4k.
prompt_79_seed_0,prompt_79_seed_0.gif,Tilt down shot of cheerful african american businessman standing in front of team of colleagues in the office holding digital tablet,  smiling and telling something
prompt_97_seed_0,prompt_97_seed_0.gif,Carrizo plain california - circa 2018 -carrizo plain california daisy wildflowers superbloom and young girl photographer panning right
prompt_8_seed_0,prompt_8_seed_0.gif,Little girls having fun at tropical beach playing together at shallow water.
prompt_2_seed_0,prompt_2_seed_0.gif,Young man working on laptop and checking his smart phone in former old meat shop with brick wall. puebla mexico,  in may 06,  2019.
prompt_41_seed_0,prompt_41_seed_0.gif,Arabian businessman speaking to the international meeting.conference international leaders arabic indian jew president.arabic letters mean"there is no god but allah and muhammad is the messenger.
prompt_36_seed_0,prompt_36_seed_0.gif,Animation closeup motion romantic hearts on valentine day shiny background. luxury and elegant dynamic style template for holiday
prompt_84_seed_0,prompt_84_seed_0.gif,Circa 2010s - aerials of the u.s. air force air mobility command c32 in flight.
prompt_17_seed_0,prompt_17_seed_0.gif,Happy young caucasian baby boy playing toy bucket spade sandy beach with father while mother takes photograph sun lens flare shot on red epic
prompt_60_seed_0,prompt_60_seed_0.gif,Young boy together with mother.
prompt_58_seed_0,prompt_58_seed_0.gif,Berlin city streets driving plates oberbaum bridge,  day. may,  2017 berlin,  germany
prompt_52_seed_0,prompt_52_seed_0.gif,Woman running on the beach at sunrise. woman on jog on the beach
prompt_25_seed_0,prompt_25_seed_0.gif,Little girl playing in the garden in summer
prompt_28_seed_0,prompt_28_seed_0.gif,Woman hairdresser put on curlers to long hair plus size woman
prompt_22_seed_0,prompt_22_seed_0.gif,Very surprised girl with shocked wow face expression. green screen
prompt_55_seed_0,prompt_55_seed_0.gif,View of statue temple of guru padmasambhava kathmandu valley,  nepal - october 16,  2017
prompt_83_seed_0,prompt_83_seed_0.gif,Man actor wearing a tiger clothe preparing his acting with a tambourine
prompt_67_seed_0,prompt_67_seed_0.gif,Close up thoughtful pretty young woman relaxing at the beach resort
prompt_10_seed_0,prompt_10_seed_0.gif,Mom's baby girl teaches cycling
prompt_89_seed_0,prompt_89_seed_0.gif,Paju korea - september 13,  2016: observation building in imjingak park,  which is located on the southern banks of the imjin river. the park has many statues and mouments regarding the korean war.
prompt_31_seed_0,prompt_31_seed_0.gif,Pov of two hands and young woman putting the propellers on a drone
prompt_46_seed_0,prompt_46_seed_0.gif,Guy and girl sit on sofa surfing internet in smartphones side view
prompt_5_seed_0,prompt_5_seed_0.gif,Peaceful girl doing yoga meditate virabhasana sunrise coast slow motion
prompt_74_seed_0,prompt_74_seed_0.gif,Close up portrait of two caucasian young girl and boy playing together on digital tablet
prompt_90_seed_0,prompt_90_seed_0.gif,Formally dressed man using smartphone for serfing on internet close-up
prompt_1_seed_0,prompt_1_seed_0.gif,Transparent plastic chairs for wedding guests. it is raining large drops are stained on the chairs,  gray weather. view from human height.
prompt_94_seed_0,prompt_94_seed_0.gif,Istanbul-november 2013: ottomans' most famous architect mimar sinan built this historical beautiful aqueduct in the 16th century. their rolewas to bring the water to the city.
prompt_70_seed_0,prompt_70_seed_0.gif,Seismological device for measuring earthquakes. seismological activity live on the sheet of measuring paper. earthquake wave on graph paper. human hand writing numbers on the paper. ruler.
prompt_48_seed_0,prompt_48_seed_0.gif,Santa claus sitting in a chair with a little girl dreaming about her christmas presents
prompt_35_seed_0,prompt_35_seed_0.gif,Cologne germany - circa 2017: trains arrive at cologne central railway station in cologne,  germany. cologne station is a historical building restored after the war.
prompt_42_seed_0,prompt_42_seed_0.gif,High angle view of female artist using hair dryer to spread acrylic paints on canvas. woman dropping colors and water to create fluid painting
prompt_63_seed_0,prompt_63_seed_0.gif,A young puzzled shocked woman looks in terror being shocked by something,   stands in torn pink paper hole,  doesn't believe in failure. people and lifestyle
prompt_14_seed_0,prompt_14_seed_0.gif,Girl drinking iced tea with peach.
prompt_87_seed_0,prompt_87_seed_0.gif,Beauty teenage girl dancing. against the background of a window in the form of cubes and squares. joyful teen girl. song. hairstyle.
prompt_69_seed_0,prompt_69_seed_0.gif,Happy senior woman working on laptop computer
prompt_26_seed_0,prompt_26_seed_0.gif,Stylish boy eating lunch in the cafe and talking with someone steadycam shot
prompt_51_seed_0,prompt_51_seed_0.gif,Close up shot in slow motion of cars travelling on the iconic manhattan bridge surrounded  by old traditional buildings with the amazing new york skyline on a overcast day.
prompt_56_seed_0,prompt_56_seed_0.gif,Young girl eye macro shot in raw,  4k
prompt_21_seed_0,prompt_21_seed_0.gif,Aerial camera climbs towards carpathian mountains with trees in many stages of autumn colours crossing the prutets-chemehivskyi river. in the village of mykulychyn ukraine at dawn
prompt_13_seed_0,prompt_13_seed_0.gif,4k uhd video of professional tattoo artist makes a tattoo on a young girl's hand.
prompt_64_seed_0,prompt_64_seed_0.gif,Thai boxing training young european man in the gym. 4k slow motion,  face,  close-up.
prompt_19_seed_0,prompt_19_seed_0.gif,Man with vaping mod exhaling steam at black studio background. bearded guy smoking e-cigarette to quit tobacco. vapor and alternative nicotine free smoking concept
prompt_80_seed_0,prompt_80_seed_0.gif,Portrait of confident serious attractive young man walking outdoorlooking at camera
prompt_38_seed_0,prompt_38_seed_0.gif,Taipei taiwan-29 july,  2017: 4k pedestrian woman with umbrella struggling to cross street during typhoon nesat in taipei city. extreme wind and rain in night. strong hurricane winds road taiwan.-dan
prompt_45_seed_0,prompt_45_seed_0.gif,Miass russia - june 26,  2016: man is leader of race runs on road in woods during marathon "clean water"
prompt_32_seed_0,prompt_32_seed_0.gif,Woman look at the city in hong kong
prompt_93_seed_0,prompt_93_seed_0.gif,Front view of caucasian businesswoman talking on mobile phone in the lobby at office. she is relaxing on a sofa 4k
prompt_99_seed_0,prompt_99_seed_0.gif,Pensive girl answers cellphone and talking in the alley
prompt_77_seed_0,prompt_77_seed_0.gif,A young man is trying to persuade his business partner into making a decision about something.
prompt_6_seed_0,prompt_6_seed_0.gif,Man walking in deep snow under the branches
